channel_id,channel_name,content_category,channel_identity,tone_style,target_audience,core_emotions,primary_story_arcs,example_video_concepts,story_length_range,comment_bait_style
reddit_karma_files,Reddit Karma Files,Storytime | Reddit Confessions,"Real Reddit stories where people get exactly what they deserve—justice, karma, irony, and satisfying payoffs. Covers family drama, work conflicts, relationship revenge, and everyday vindication.","Satisfying, ironic, dramatic, grounded, fast-paced","18-40, Reddit readers, justice seekers","Vindication, schadenfreude, satisfaction, irony, relief","ANY arc from source_scripts (Conflict-Resolution, Karma-Justice, Betrayal-Exposure)","Any story from source_scripts: burglar prank, MIL hospital couch, cheating exposed, workplace justice, school legends",1:00-2:30,"Play stupid games win stupid prizes / ""Of course it's Karen"""
askreddit_unfiltered,AskReddit Unfiltered,Storytime | Reddit Threads,"Unfiltered Reddit story responses—the wild, the wholesome, the creepy, the hilarious. Stories people actually upvote and discuss in the comments.","Relatable, dramatic, emotional, grounded, varied","16-45, AskReddit lurkers, story fans","Full emotional range: fear, relief, laughter, empathy, shock",ANY arc from source_scripts,"Any story from source_scripts: gut feeling survival, teacher legends, family boundaries, redemption arcs",0:50-2:40,"This is why I love Reddit / ""Main character energy"""
reddit_no_sleep,Reddit No Sleep,Storytime | Creepy Confessions,"Creepy, unsettling, gut-feeling stories that feel too real. Near-misses, eerie encounters, tragic discoveries, and moments that make you trust your instincts.","Suspenseful, eerie, tense, grounded, atmospheric","18-45, true crime fans, creepy story lovers","Fear, dread, relief, validation, unease","Premonition-Evasion, Discovery-Tragedy, Setup-Horror-Survival","Camping stranger chase, park ranger couple suicide, Uber driver escape, followed in parking lot",1:00-2:00,"Always trust your gut / ""This gave me chills"""
reddit_tales,Reddit Tales,Storytime | Real Life Stories,"The best Reddit storytelling—drama, humor, heartbreak, justice. Stories that feel authentic and make you want to share your own experience in the comments.","Emotional, relatable, grounded, varied, engaging","20-50, general Reddit audience","Full spectrum: empathy, irony, vindication, warmth, shock",ANY arc from source_scripts,"Any story from source_scripts: all types work here (wholesome, justice, chaos, creepy)",1:15-2:30,"Finally a realistic story / ""This happened to me too"""
reddit_just_happened,Reddit Just Happened,Storytime | Fresh Confessions,"Stories that feel like they just happened today. Raw, immediate, emotional—family fights, workplace drama, relationship chaos, and real-time karma.","Immediate, dramatic, relatable, fast-paced, authentic","16-40, people seeking fresh drama","Shock, vindication, empathy, frustration, relief","Conflict-Escalation-Resolution, Betrayal-Exposure, Crisis-Action","Any recent-feeling story from source_scripts: family drama, work quits, relationship justice",1:20-2:20,"Update please / ""I need to know what happened next"""
reddit_believe_it,Reddit Believe It or Not,Storytime | Wild But True,"Stories so wild you question if they're real—but the details make them believable. Chaotic moments, absurd heroes, coincidences that feel scripted but aren't.","Chaotic, absurd, grounded, humorous, fast-paced","13-35, fans of chaotic humor","Disbelief, laughter, shock, amusement, irony","Setup-Chaos-Resolution, Absurdity-Heroism, Problem-Chaos-Solution","Fart hero story, drill sergeant prank, test answer business, burglar prank gone right",1:00-2:00,"No way this is real / ""Truth is stranger than fiction"""
reddit_wholesome_chaos,Reddit Wholesome Chaos,Storytime | Feel-Good Stories,"Wholesome stories with chaotic energy—kids being legends, grandparents roasting people, unexpected kindness, and heartwarming moments wrapped in humor.","Warm, humorous, wholesome, playful, heartfelt","18-50, people seeking positivity","Warmth, joy, empathy, laughter, gratitude","Conflict-Reconciliation, Setup-Kindness-Resolution, Chaos-Wholesome Payoff","Any wholesome story from source_scripts: MIL redemption, teacher kindness, accidental heroes",1:10-2:20,"Faith in humanity restored / ""We don't deserve this"""
reddit_petty_legends,Reddit Petty Legends,Storytime | Petty Revenge,"Petty revenge, malicious compliance, and satisfying clap-backs. Low-stakes but deeply satisfying moments where people get creative with payback.","Witty, mischievous, satisfying, playful, ironic","18-40, petty revenge enthusiasts","Satisfaction, schadenfreude, humor, vindication","Offense-Execution-Satisfaction, Setup-Clever Response-Payoff","Any revenge-adjacent story from source_scripts: neighbor wars, roommate pranks, workplace karma",1:10-2:10,"Perfectly petty / ""Chef's kiss level revenge"""
reddit_survival_mode,Reddit Survival Mode,Storytime | Close Calls,"Stories where quick thinking saved the day—gut feelings, near-misses, dangerous encounters avoided, and ""we need to leave NOW"" moments.","Suspenseful, tense, protective, grounded, serious","18-45, safety-conscious viewers","Fear, relief, validation, vigilance","Premonition-Evasion-Validation, Danger-Escape-Relief","Camping stranger story, gut feeling validation, creepy encounters avoided",1:00-2:00,"Trust your instincts / ""This could save your life"""
reddit_main_character,Reddit Main Character,Storytime | Dramatic Moments,"Stories where someone becomes the main character—standing up to bullies, exposing liars, saving the day, or having that one perfect comeback moment.","Empowering, dramatic, satisfying, cinematic","16-40, people who love dramatic justice","Empowerment, vindication, pride, satisfaction","Hero Moment-Resolution, Confrontation-Justice, Underdog-Victory","Any hero/justice story from source_scripts: exposing teacher, standing up to family, workplace whistleblower",1:20-2:30,"Main character energy / ""Standing ovation"""
reddit_family_files,Reddit Family Files,Storytime | Family Drama,"Family drama straight from Reddit—toxic in-laws, boundary-setting, holiday disasters, and the moment you finally stand up to relatives.","Dramatic, relatable, petty, assertive, grounded","22-55, people with complicated families","Frustration, vindication, empathy, relief","Conflict-Confrontation-Resolution, Boundaries-Set-Victory","Any family story from source_scripts: MIL couch, weight loss wedding drama, family boundaries",1:30-2:40,"Family dysfunction is universal / ""Therapy exists for a reason"""
reddit_irony_peak,Reddit Irony Peak,Storytime | Ironic Justice,"Stories dripping with irony—cheaters caught by their own lies, bullies facing karma, and moments where the universe delivers perfect poetic justice.","Ironic, satisfying, dramatic, witty, fast-paced","18-45, irony appreciators","Satisfaction, irony, schadenfreude, amusement","Karma-Justice, Ironic Reversal, Betrayal-Exposure","Any ironic payoff story from source_scripts: cheating exposed, bully karma, workplace revenge",1:15-2:20,"You can't make this up / ""The universe has jokes"""
reddit_real_talk,Reddit Real Talk,Storytime | Authentic Confessions,"Unfiltered, authentic Reddit stories—no fluff, no exaggeration. Real people, real problems, real resolutions.",The kind of honesty that makes you nod along.,"Honest, grounded, relatable, emotional, authentic","20-50, people seeking genuine content","Empathy, validation, relatability, reflection",ANY arc from source_scripts (all feel authentic),"Any grounded story from source_scripts: relationship struggles, work stress, family tension",1:20-2:30,"This is so real / ""Finally someone said it"""
reddit_chaos_theory,Reddit Chaos Theory,Storytime | Chaotic Energy,"Stories where everything spirals into beautiful chaos—pranks backfiring perfectly, misunderstandings escalating hilariously, and moments of pure pandemonium.","Chaotic, fast-paced, absurd, humorous, playful","13-35, chaos enthusiasts","Laughter, disbelief, amusement, shock","Chaos-Escalation-Resolution, Absurd Peak-Aftermath","Any chaotic story from source_scripts: burglar prank, fart hero, drill sergeant postcard",1:00-2:00,"Chaotic good energy / ""Beautiful disaster"""
reddit_quiet_wins,Reddit Quiet Wins,Storytime | Understated Justice,"Quiet victories—people who prove doubters wrong without bragging. Low-key vindication, underdogs winning softly.","Calm, satisfying, humble, grounded, inspiring","25-50, people who value quiet strength","Pride, satisfaction, empathy, respect","Growth-Vindication, Underdog-Victory, Redemption","Any redemption/underdog story from source_scripts: MIL apologizes, career glow-up, quiet heroes",1:40-2:40,"Quietly powerful / ""This is how you win"""
reddit_timeline,Reddit Timeline,Storytime | Story Updates,"Stories with satisfying timelines—""then this happened… and THEN this happened."" Updates, consequences, and full arcs.","Structured, dramatic, satisfying, engaging","18-45, people who love full arcs","Anticipation, satisfaction, vindication",ANY multi-phase arc from source_scripts,Any story with clear phases from source_scripts: all work here,1:30-2:40,"We need an update / ""Part 2 please"""
reddit_plot_twist,Reddit Plot Twist,Storytime | Unexpected Turns,"Stories with shocking twists—surprises, betrayals, reveals, unexpected heroes.","Dramatic, surprising, fast-paced, engaging","16-40, plot twist lovers","Shock, surprise, satisfaction, disbelief","Twist-Reveal-Resolution, Betrayal-Exposure, Hidden Truth-Discovery","Any twist-heavy story from source_scripts: teacher fake degree, hidden relationship exposed",1:20-2:30,"Did NOT see that coming / ""M Night Shyamalan vibes"""
reddit_crossroads,Reddit Crossroads,Storytime | Life-Changing Moments,"Stories where one decision changed everything—gut feelings, courageous stands, pivotal choices.","Reflective, dramatic, grounded, emotional","20-50, people reflecting on life choices","Relief, regret, empowerment, reflection","Decision-Consequence-Resolution, Gut Feeling-Validation","Any pivotal moment story from source_scripts: camping escape, career quit, family boundary-setting",1:30-2:40,"Sliding doors moment / ""One choice changed everything"""
reddit_no_regrets,Reddit No Regrets,Storytime | Bold Moves,"Stories where people make bold choices and never regret them—quitting jobs, cutting off relatives, exposing truths.","Bold, empowering, assertive, satisfying","20-45, people considering bold moves","Empowerment, relief, vindication, pride","Bold Action-Consequences-No Regrets, Confrontation-Freedom","Any bold story from source_scripts: boundaries, quits, confrontations",1:20-2:30,"Zero regrets / ""This is inspiring"""
reddit_memory_lane,Reddit Memory Lane,Storytime | Nostalgic Tales,"Nostalgic stories—school legends, childhood moments, generational wisdom, memories that shaped people.","Nostalgic, warm, reflective, humorous, heartfelt","18-60, nostalgic viewers","Nostalgia, warmth, humor, reflection","Flashback-Lesson-Resolution, Memory-Impact-Reflection","Any nostalgic story from source_scripts: school legends, military stories, childhood moments",1:10-2:20,"Takes me back / ""Simpler times"""
