game_id,game_name,ios_link,fact_1,fact_2,fact_3,fact_4,fact_5,ratio
mobcontrol,Mob Control,https://apps.apple.com/us/app/mob-control/id1562817072,Cannon Big Bertha has insane crowd damage.,Champion Big Blob melts bosses instantly.,Rocket Barrage ultimate wipes entire waves.,Machine Gun tower shreds everything at high levels.,Alien Mob is one of the hardest units to unlock.,4
monstersurvivors,Monster Survivors,https://apps.apple.com/us/app/monster-survivors/id6463493974,The Inferno Cannon melts entire waves when fully upgraded.,The game gets genuinely challenging once the monster swarms start scaling.,Building your weapon loadout each round feels super strategic and rewarding.,Choosing perks every wave creates endless combinations and playstyles.,Reaching the Cloak unlock is insanely hard — it’s one of the strongest items in the game.,1
pushemall,Push'em All,https://apps.apple.com/us/app/pushem-all/id1479551182,Pushing enemies off the platform is ridiculously satisfying.,The Rocket Launcher power-up is pure chaos and insanely fun.,"Levels get progressively harder, so each win actually feels earned.",The game is addicting in a weirdly relaxing way — you can play for hours without noticing.,Reaching level 30 is a real challenge — most players don’t even get close.,4
rollyvortex,Rolly Vortex,https://apps.apple.com/us/app/rolly-vortex/id1231932402,The game starts simple but quickly becomes a real coordination challenge.,Pushing enemies off the edge never gets old — it’s pure comedic chaos.,Later levels require precise timing and movement to survive.,It’s surprisingly competitive — players love racing friends for the best score.,"Every run feels different, so it’s easy to get stuck in nonstop play sessions.",1
aquaparkio,aquapark.io,https://apps.apple.com/us/app/aquapark-io/id1453989822,Unlocking rare skins like the Magician skin is surprisingly hard and super rewarding.,Long jumps and huge flights down the slides feel insanely satisfying.,"There are tons of characters, floaties, and parachutes to collect as you level up.",The game is relaxing but still competitive — perfect “turn off your brain and slide” fun.,Players love the endless variety of skins and the constant sense of progression.,2
goingballs,Going Balls,https://apps.apple.com/us/app/going-balls/id1499081620,The game keeps getting harder — even players at level 300+ say every stage still challenges them.,It’s fully offline and has almost no ads when you play with Wi-Fi off.,Choosing your ball and maps makes every run feel different and more fun.,It builds actual hand–eye coordination and stability — weirdly addicting.,"Later levels add insane obstacles, portals, and tight movement challenges.",0
runrich3d,Run Rich 3D,https://apps.apple.com/us/app/run-rich-3d/id1568102990,Decorating your mansion as you level up is surprisingly addictive and satisfying.,"Each run gets harder, and collecting the highest-value items actually matters.",You can play full offline — ads only appear if Wi-Fi is on.,It feels great to watch your character transform from broke to rich every round.,Players say the game is fun but want more levels and more upgrades — the challenge ramps fast.,2
sandballs,Sand Balls,https://apps.apple.com/us/app/sand-balls-digger-puzzle/id1474046667,Digging paths and watching thousands of balls cascade is insanely relaxing.,"The visuals and colored balls are super satisfying, especially on harder stages.",Levels require strategy — one mistake can make you lose balls instantly.,Some levels are huge and it feels amazing when every ball reaches the truck perfectly.,It’s easy to get addicted — people reach level 1000+ without realizing it.,3
shortcutrun,Shortcut Run,https://apps.apple.com/us/app/shortcut-run/id1533397036,Building bridges and skipping past every opponent feels unbelievably satisfying.,The game becomes way more strategic as you decide when to save or spend boards.,You can unlock tons of skins — but players want even more because progression is fun.,"AI opponents get aggressive, making some races surprisingly intense.","Races stay fast and competitive, and taking perfect shortcuts wins you the match.",3
subwaysurf,Subway Surfers,https://apps.apple.com/us/app/subway-surfers/id512939461,"The game keeps getting updated with new cities, characters, and events every month.",Runs get insanely intense — dodging trains at high speed boosts pure adrenaline.,"Collecting hoverboards, outfits, and power-ups gives endless progression.",Weekly leaderboards push players to chase higher and higher scores.,It’s one of the most addictive endless runners ever — people play it for years.,2
blobrunner,Blob Runner 3D,https://apps.apple.com/us/app/blob-runner-3d/id1546448536,Collecting blob pieces and watching your character grow is insanely satisfying.,The end-stage launch into the multiplier platforms is pure adrenaline every run.,"Skins, hats, and cosmetics are actually earnable with gameplay — no microtransactions needed.","The game’s bright, smooth movement makes every level feel fun and fast-paced.","Some levels get chaotic with obstacles and tight squeezes, making perfect runs super rewarding.",1
