track_id,file_name,mood_category,description,credits
MUS_001,Spook2.mp3,scary,spooky medium pace,Spook2 by PeriTune | https://peritune.com/ | Music promoted by https://www.chosic.com/free-music/all/ | Creative Commons CC BY 4.0 | https://creativecommons.org/licenses/by/4.0/
MUS_002,FriendlyDay.mp3,wholesome,light happy acoustic,Friendly Day by Kevin MacLeod | https://incompetech.com/ | Music promoted by https://www.chosic.com/free-music/all/ | Creative Commons CC BY 3.0 | https://creativecommons.org/licenses/by/3.0/
MUS_003,FunnyDarkness.mp3,funny,dark comedic beat,Funny Darkness by AudioCoffee | https://www.audiocoffee.net/ | Music promoted by https://www.chosic.com/free-music/all/ | Creative Commons CC BY-SA 3.0 | https://creativecommons.org/licenses/by-sa/3.0/
MUS_004,FunnyBubbles.mp3,funny,goofy bubbly tune,Funny Bubbles by Keys of Moon | https://soundcloud.com/keysofmoon | Music promoted by https://www.chosic.com/free-music/all/ | Creative Commons CC BY 4.0 | https://creativecommons.org/licenses/by/4.0/
MUS_005,64Sundays.mp3,wholesome,happy weekend vibe,64 Sundays by Twin Musicom | http://www.twinmusicom.org/ | Music promoted by https://www.chosic.com/free-music/all/ | Creative Commons CC BY 4.0 | https://creativecommons.org/licenses/by/4.0/
MUS_006,GeorgeStreetShuffle.mp3,meme,jazzy playful,George Street Shuffle by Kevin MacLeod | https://incompetech.com/ | Music promoted by https://www.chosic.com/free-music/all/ | Creative Commons By Attribution 3.0 | http://creativecommons.org/licenses/by/3.0/
MUS_007,FartingAround.mp3,meme,goofy cartoon vibe,Farting Around by Kevin MacLeod | https://incompetech.com/ | Music promoted by https://www.chosic.com/free-music/all/ | Creative Commons CC BY 3.0 | https://creativecommons.org/licenses/by/3.0/
MUS_008,HiddenAgenda.mp3,funny,sneaky dramatic,Hidden Agenda by Kevin MacLeod | https://incompetech.com/ | Music promoted by https://www.chosic.com/free-music/all/ | Creative Commons CC BY 3.0 | https://creativecommons.org/licenses/by/3.0/
MUS_009,LobbyTime.mp3,meme,quirky lobby jazz,Lobby Time by Kevin MacLeod | https://incompetech.com/ | Music promoted by https://www.chosic.com/free-music/all/ | Creative Commons By Attribution 3.0 | http://creativecommons.org/licenses/by/3.0/
MUS_010,HolidayWeasel.mp3,meme,festive goofy,Holiday Weasel by Kevin MacLeod | https://incompetech.com/ | Music promoted by https://www.chosic.com/free-music/all/ | Creative Commons By Attribution 3.0 | http://creativecommons.org/licenses/by/3.0/
MUS_011,MonkeysSpinningMonkeys.mp3,meme,chaotic circus-energy,Monkeys Spinning Monkeys by Kevin MacLeod | https://incompetech.com/ | Licensed under CC BY 3.0 | http://creativecommons.org/licenses/by/3.0/ | Music promoted by https://www.chosic.com/free-music/all/
MUS_012,RunAmok.mp3,funny,chaotic intense beat,Run Amok by Kevin MacLeod | https://incompetech.com/ | Music promoted by https://www.chosic.com/free-music/all/ | Creative Commons CC BY 3.0 | https://creativecommons.org/licenses/by/3.0/
MUS_013,SneakyAdventure.mp3,funny,suspenseful sneaky,Sneaky Adventure by Kevin MacLeod | https://incompetech.com/ | Music promoted by https://www.chosic.com/free-music/all/ | Creative Commons CC BY 3.0 | https://creativecommons.org/licenses/by/3.0/
MUS_014,FoamRubber.mp3,wholesome,soft quirky tune,Foam Rubber by Alexander Nakarada | https://creatorchords.com | Music promoted by https://www.chosic.com/free-music/all/ | Creative Commons CC BY 4.0 | https://creativecommons.org/licenses/by/4.0/
MUS_015,Cooking.mp3,wholesome,light cooking vibe,Cooking by Alex-Productions | https://onsound.eu/ | Music promoted by https://www.chosic.com/free-music/all/ | Creative Commons CC BY 3.0 | https://creativecommons.org/licenses/by/3.0/
MUS_016,SchemingWeaselFaster.mp3,meme,fast sneaky mishief,Scheming Weasel (faster) by Kevin MacLeod | https://incompetech.com/ | Music promoted by https://www.chosic.com/free-music/all/ | Creative Commons CC BY 3.0 | https://creativecommons.org/licenses/by/3.0/
MUS_017,SneakySnitch.mp3,meme,sneaky funny bass,Sneaky Snitch by Kevin MacLeod | https://incompetech.com/ | Music promoted by https://www.chosic.com/free-music/all/ | Creative Commons CC BY 3.0 | https://creativecommons.org/licenses/by/3.0/
MUS_018,CatWalk.mp3,funny,cute playful beats,Cat Walk by Sakura Girl | https://soundcloud.com/sakuragirl_official | Music promoted by https://www.chosic.com/free-music/all/ | Creative Commons CC BY 3.0 | https://creativecommons.org/licenses/by/3.0/
MUS_019,FluffingADuck.mp3,funny,silly comedic tune,Fluffing a Duck by Kevin MacLeod | https://incompetech.com/ | Creative Commons BY 3.0 | http://creativecommons.org/licenses/by/3.0/ | Music promoted by https://www.chosic.com/free-music/all/
MUS_020,Cuisine.mp3,wholesome,soft kitchen vibe,Cuisine by Alex-Productions | https://onsound.eu/ | Music promoted by https://www.chosic.com/free-music/all/ | Creative Commons CC BY 3.0 | https://creativecommons.org/licenses/by/3.0/
MUS_021,MemoriesOfSpring.mp3,wholesome,calm nostalgic tune,Memories of Spring by Tokyo Music Walker | https://soundcloud.com/user-356546060 | Music promoted by https://www.chosic.com/free-music/all/ | Creative Commons CC BY 3.0 | https://creativecommons.org/licenses/by/3.0/
MUS_022,MagicalMoments.mp3,wholesome,sentimental soft,Magical Moments by Purrple Cat | https://purrplecat.com/ | Music promoted by https://www.chosic.com/free-music/all/ | Creative Commons CC BY-SA 3.0 | https://creativecommons.org/licenses/by-sa/3.0/
MUS_023,HeartOfTheOcean.mp3,sad,emotional soft ambient,Heart Of The Ocean by Purrple Cat | https://purrplecat.com/ | Music promoted by https://www.chosic.com/free-music/all/ | Creative Commons CC BY-SA 3.0 | https://creativecommons.org/licenses/by-sa/3.0/
MUS_024,Lovely.mp3,wholesome,calm romantic tune,Lovely by Alex-Productions | https://onsound.eu/ | Music promoted by https://www.chosic.com/free-music/all/ | Creative Commons CC BY 3.0 | https://creativecommons.org/licenses/by/3.0/
MUS_025,AwakeningDew.mp3,wholesome,soft hopeful piano,Awakening Dew by Keys of Moon | https://soundcloud.com/keysofmoon | Music promoted by https://www.chosic.com/free-music/all/ | Creative Commons CC BY 4.0 | https://creativecommons.org/licenses/by/4.0/
MUS_026,FallInLove.mp3,wholesome,romantic guitar piano,Fall In Love by Alex-Productions | https://onsound.eu/ | Music promoted by https://www.chosic.com/free-music/all/ | Creative Commons CC BY 3.0 | https://creativecommons.org/licenses/by/3.0/
MUS_027,Halloween.mp3,scary,dark spooky ambient,Halloween by Alex-Productions | https://onsound.eu/ | Music promoted by https://www.chosic.com/free-music/all/ | Creative Commons CC BY 3.0 | https://creativecommons.org/licenses/by/3.0/
MUS_028,QuirkyDog.mp3,funny,goofy upbeat tune,Quirky Dog by Kevin MacLeod | https://incompetech.com/ | Music promoted by https://www.chosic.com/free-music/all/ | Creative Commons CC BY 3.0 | https://creativecommons.org/licenses/by/3.0/
MUS_029,AutumnScene.mp3,wholesome,soft gentle ambient,Autumn Scene by Keys of Moon | https://soundcloud.com/keysofmoon | Music promoted by https://www.chosic.com/free-music/all/ | Creative Commons CC BY 4.0 | https://creativecommons.org/licenses/by/4.0/


































,,,"Autumn Scene by Keys of Moon | https://soundcloud.com/keysofmoon
Music promoted by https://www.chosic.com/free-music/all/
Creative Commons CC BY 4.0
https://creativecommons.org/licenses/by/4.0/
 "
,,,"Abandoned by Keys of Moon | https://soundcloud.com/keysofmoon
Music promoted by https://www.chosic.com/free-music/all/
Creative Commons CC BY 4.0
https://creativecommons.org/licenses/by/4.0/
 "








,,,Happy –ênd Fun Background Music | FUN by Alex-Productions | https://onsound.eu/,Creative Commons CC BY 3.0,https://creativecommons.org/licenses/by/3.0/
,,,Swing Machine by Kevin MacLeod | https://incompetech.com/,Creative Commons CC BY 3.0,https://creativecommons.org/licenses/by/3.0/
